{
    "proposals_sent": 6000,
    "roses_sent": 2001,
    "proposals_sent_accepted": 2957,
    "roses_sent_accepted": 41,
    "adsnr_sent": 37.07616480106289,
    "adsnr_sent_accepted": 37.07616480106289,
    "adsr_sent": 76.78087960870633,
    "adsr_sent_accepted": 52.43682408355677,
    "proposals_received": 8050,
    "roses_received": 4024,
    "proposals_received_accepted": 8007,
    "roses_received_accepted": 4008,
    "adsnr_received": 31.757254513856807,
    "adsnr_received_accepted": 31.757254513856807,
    "adsr_received": 17.64248651194025,
    "adsr_received_accepted": 17.642486511940206,
    "agent_id": "man_16",
    "desirability_score": 31.22004550394236
}