{
    "proposals_sent": 6000,
    "roses_sent": 2025,
    "proposals_sent_accepted": 5950,
    "roses_sent_accepted": 2004,
    "adsnr_sent": 39.41712731653521,
    "adsnr_sent_accepted": 39.41712731653521,
    "adsr_sent": 52.538513150990795,
    "adsr_sent_accepted": 52.53851551639137,
    "proposals_received": 4053,
    "roses_received": 2024,
    "proposals_received_accepted": 3999,
    "roses_received_accepted": 1996,
    "adsnr_received": 40.11738584212753,
    "adsnr_received_accepted": 40.11738584212753,
    "adsr_received": 36.58212768178298,
    "adsr_received_accepted": 36.58212768178298,
    "agent_id": "man_13",
    "desirability_score": 48.23729237819039
}