{
    "proposals_sent": 6000,
    "roses_sent": 3975,
    "proposals_sent_accepted": 5976,
    "roses_sent_accepted": 3958,
    "adsnr_sent": 57.73617047299817,
    "adsnr_sent_accepted": 57.73617047299817,
    "adsr_sent": 60.61930358327889,
    "adsr_sent_accepted": 60.61930358327889,
    "proposals_received": 5990,
    "roses_received": 2035,
    "proposals_received_accepted": 2012,
    "roses_received_accepted": 1988,
    "adsnr_received": 46.77519274381555,
    "adsnr_received_accepted": 36.75767050549444,
    "adsr_received": 76.7804333508385,
    "adsr_received_accepted": 76.78087965700308,
    "agent_id": "man_10",
    "desirability_score": 68.79480825142295
}