{
    "proposals_sent": 6000,
    "roses_sent": 2009,
    "proposals_sent_accepted": 2034,
    "roses_sent_accepted": 22,
    "adsnr_sent": 43.28096361423929,
    "adsnr_sent_accepted": 32.67647424730103,
    "adsr_sent": 48.24930990472994,
    "adsr_sent_accepted": 47.5730958416042,
    "proposals_received": 3985,
    "roses_received": 25,
    "proposals_received_accepted": 3957,
    "roses_received_accepted": 22,
    "adsnr_received": 34.361547449659284,
    "adsnr_received_accepted": 34.361547449659284,
    "adsr_received": 50.07177677051331,
    "adsr_received_accepted": 50.099186724226826,
    "agent_id": "man_3",
    "desirability_score": 33.004720556967825
}