{
    "proposals_sent": 6000,
    "roses_sent": 27,
    "proposals_sent_accepted": 5958,
    "roses_sent_accepted": 27,
    "adsnr_sent": 58.47283107372496,
    "adsnr_sent_accepted": 58.47283107345855,
    "adsr_sent": 46.23223584463442,
    "adsr_sent_accepted": 46.23223584463442,
    "proposals_received": 9908,
    "roses_received": 3959,
    "proposals_received_accepted": 48,
    "roses_received_accepted": 17,
    "adsnr_received": 27.935606355693146,
    "adsnr_received_accepted": 62.04502598089406,
    "adsr_received": 58.88659401536873,
    "adsr_received_accepted": 59.854769180827205,
    "agent_id": "man_5",
    "desirability_score": 73.5714050186471
}