{
    "proposals_sent": 6000,
    "roses_sent": 3971,
    "proposals_sent_accepted": 4034,
    "roses_sent_accepted": 2019,
    "adsnr_sent": 52.84261328519412,
    "adsnr_sent_accepted": 52.84261328519412,
    "adsr_sent": 70.43264326233478,
    "adsr_sent_accepted": 57.7408200602013,
    "proposals_received": 4044,
    "roses_received": 2019,
    "proposals_received_accepted": 4004,
    "roses_received_accepted": 2002,
    "adsnr_received": 48.249309870586735,
    "adsnr_received_accepted": 48.24930990472994,
    "adsr_received": 52.89843345498517,
    "adsr_received_accepted": 52.89843345498517,
    "agent_id": "man_4",
    "desirability_score": 55.06917704144728
}