{
    "proposals_sent": 6000,
    "roses_sent": 4029,
    "proposals_sent_accepted": 4028,
    "roses_sent_accepted": 4001,
    "adsnr_sent": 68.79480825142295,
    "adsnr_sent_accepted": 53.8185719233143,
    "adsr_sent": 58.03858411179061,
    "adsr_sent_accepted": 58.03858411179061,
    "proposals_received": 13069,
    "roses_received": 4019,
    "proposals_received_accepted": 11936,
    "roses_received_accepted": 3986,
    "adsnr_received": 49.27104805498669,
    "adsnr_received_accepted": 49.27104805498669,
    "adsr_received": 52.38893339061927,
    "adsr_received_accepted": 52.38893339061927,
    "agent_id": "woman_13",
    "desirability_score": 52.842613285194126
}