{
    "proposals_sent": 6000,
    "roses_sent": 30,
    "proposals_sent_accepted": 5904,
    "roses_sent_accepted": 4,
    "adsnr_sent": 31.20379305565316,
    "adsnr_sent_accepted": 31.20379305565316,
    "adsr_sent": 60.86781924153425,
    "adsr_sent_accepted": 32.95060567314904,
    "proposals_received": 2052,
    "roses_received": 27,
    "proposals_received_accepted": 2038,
    "roses_received_accepted": 25,
    "adsnr_received": 30.7454349561799,
    "adsnr_received_accepted": 30.7454349561799,
    "adsr_received": 56.423228898602915,
    "adsr_received_accepted": 56.42403556902083,
    "agent_id": "woman_3",
    "desirability_score": 29.918815046968355
}