{
    "proposals_sent": 6000,
    "roses_sent": 3971,
    "proposals_sent_accepted": 2024,
    "roses_sent_accepted": 19,
    "adsnr_sent": 30.7454349561799,
    "adsnr_sent_accepted": 30.7454349561799,
    "adsr_sent": 70.451783572675,
    "adsr_sent_accepted": 61.656728210543776,
    "proposals_received": 71,
    "roses_received": 30,
    "proposals_received_accepted": 71,
    "roses_received_accepted": 30,
    "adsnr_received": 70.21160018382469,
    "adsnr_received_accepted": 70.21160018382469,
    "adsr_received": 58.501509845918505,
    "adsr_received_accepted": 58.501509845918505,
    "agent_id": "woman_4",
    "desirability_score": 28.824014449272333
}