{
    "proposals_sent": 6000,
    "roses_sent": 24,
    "proposals_sent_accepted": 2015,
    "roses_sent_accepted": 8,
    "adsnr_sent": 57.99220121696965,
    "adsnr_sent_accepted": 30.745434956195545,
    "adsr_sent": 45.59760533913787,
    "adsr_sent_accepted": 34.66069139007234,
    "proposals_received": 2057,
    "roses_received": 32,
    "proposals_received_accepted": 2050,
    "roses_received_accepted": 32,
    "adsnr_received": 31.220045683363345,
    "adsnr_received_accepted": 31.220045683363345,
    "adsr_received": 51.26393856593986,
    "adsr_received_accepted": 51.26393856593986,
    "agent_id": "woman_11",
    "desirability_score": 29.34498942139158
}