{
    "proposals_sent": 6000,
    "roses_sent": 27,
    "proposals_sent_accepted": 2020,
    "roses_sent_accepted": 11,
    "adsnr_sent": 68.12723560887932,
    "adsnr_sent_accepted": 48.23729237819039,
    "adsr_sent": 59.893180904015395,
    "adsr_sent_accepted": 41.600198395461796,
    "proposals_received": 3997,
    "roses_received": 2027,
    "proposals_received_accepted": 3978,
    "roses_received_accepted": 2019,
    "adsnr_received": 48.996905277635676,
    "adsnr_received_accepted": 48.996905277635676,
    "adsr_received": 30.7454349561799,
    "adsr_received_accepted": 30.7454349561799,
    "agent_id": "woman_6",
    "desirability_score": 40.11738584151431
}