{
    "proposals_sent": 6000,
    "roses_sent": 3989,
    "proposals_sent_accepted": 2017,
    "roses_sent_accepted": 2000,
    "adsnr_sent": 76.99693878144033,
    "adsnr_sent_accepted": 69.15880255906951,
    "adsr_sent": 47.116160228670665,
    "adsr_sent_accepted": 30.7454349561799,
    "proposals_received": 1997,
    "roses_received": 36,
    "proposals_received_accepted": 1985,
    "roses_received_accepted": 36,
    "adsnr_received": 30.7454349561799,
    "adsnr_received_accepted": 30.7454349561799,
    "adsr_received": 47.76794558641391,
    "adsr_received_accepted": 47.76794558641391,
    "agent_id": "woman_9",
    "desirability_score": 28.908612142843417
}