{
    "proposals_sent": 6000,
    "roses_sent": 2032,
    "proposals_sent_accepted": 2009,
    "roses_sent_accepted": 1996,
    "adsnr_sent": 50.75690719879414,
    "adsnr_sent_accepted": 66.32869546670668,
    "adsr_sent": 31.220045851208287,
    "adsr_sent_accepted": 31.220045851208287,
    "proposals_received": 59,
    "roses_received": 30,
    "proposals_received_accepted": 59,
    "roses_received_accepted": 30,
    "adsnr_received": 54.857847513460456,
    "adsnr_received_accepted": 54.857847513460456,
    "adsr_received": 55.97504467415149,
    "adsr_received_accepted": 55.97504467415149,
    "agent_id": "woman_17",
    "desirability_score": 16.11568183175534
}